X1,WT_ratio_1,WT_ratio_2,WT_ratio_3,rrp6_ratio_1,rrp6_ratio_2,rrp6_ratio_3,upf1_ratio_1,upf1_ratio_2,upf1_ratio_3,u_r_ratio_1,u_r_ratio_2,u_r_ratio_3,WT_vs_rrp6_pval,WT_vs_upf1_pval,WT_vs_u_r_pval
YAL001C_intron,0.014332966,0.011345219,0.007651364,0.024206224,0.020138263,0.02000702,0.030158386,0.028473804,0.028138528,0.04024035,0.039636279,0.041934768,0.010242657,0.006021959,0.007061251
YAL003W_intron,0.01680204,0.021585598,0.017165796,0.145398824,0.154398374,0.180149978,0.021059915,0.021232584,0.022739655,0.163491589,0.203152928,0.165273868,0.005808147,0.220764761,0.005112032
YAL030W_intron,0.023788546,0.043049327,0.02613941,0.039817232,0.034798535,0.034326425,0.051223677,0.049636003,0.054859869,0.081840194,0.092836676,0.094667466,0.534466627,0.10026067,0.008400615
YBL018C_intron,0.041390728,0.042723632,0.04,0.068181818,0.034965035,0.043875686,0.046676096,0.03250774,0.051603905,0.053596615,0.086355786,0.070325901,0.530323291,0.764185659,0.087546671
YBL026W_intron,0.036433649,0.034138973,0.03865406,0.041999408,0.032800913,0.036900369,0.067546584,0.060283688,0.069043435,0.080535218,0.076034063,0.083447708,0.761419363,0.002801505,0.000401637
YBL027W_intron,0.032476952,0.033742271,0.031320031,0.03055355,0.030449892,0.029991121,0.035809401,0.035235511,0.034724816,0.032964711,0.033750066,0.034187724,0.064238931,0.04824647,0.33246961
YBL040C_intron,0.017132867,0.021970477,0.016377005,0.025351252,0.026482759,0.029860435,0.055397278,0.051150895,0.044099379,0.065631808,0.064660691,0.070058382,0.078427661,0.010636287,0.00429392
YBL050W_intron,0.012574662,0.01377583,0.009143156,0.013665788,0.012529551,0.011600316,0.025562852,0.021584498,0.022674688,0.049359769,0.049091802,0.045651678,0.551498306,0.024475091,0.000154975
YBL059C-A_intron,0.026170799,0.046242775,0.018957346,0.047457627,0.055555556,0.053075995,0.038491752,0.051233397,0.046351931,0.071428571,0.084878049,0.086238532,0.094811243,0.152332035,0.028277967
YBL059W_intron,0.112531969,0.10952381,0.097995546,0.153846154,0.163064833,0.154676259,0.238993711,0.254961832,0.265367316,0.276693456,0.306451613,0.320203304,0.00850161,0.006453431,0.007385832
YBL087C_intron,0.026926724,0.027187924,0.029772538,0.033537454,0.030105039,0.033838421,0.035514138,0.032528023,0.032712504,0.045820708,0.04370222,0.040801545,0.05340411,0.07526677,0.021891762
YBL091C-A_intron,0.142034549,0.1522158,0.125722543,0.220026351,0.245614035,0.217983651,0.171837709,0.155889146,0.150384193,0.249409914,0.242477876,0.235191638,0.003166112,0.136178858,0.003512981
YBR048W_intron,0.014270334,0.012858252,0.013751802,0.033962631,0.030101098,0.03167137,0.03874558,0.031733318,0.037303072,0.05315941,0.055439302,0.052456952,0.001591443,0.005987438,0.000991699
YBR062C_intron,0.094339623,0.111666667,0.082125604,0.100240577,0.091135046,0.085944494,0.168023686,0.134856301,0.14764268,0.175524788,0.192807193,0.173776381,0.712360988,0.074373518,0.001700942
YBR078W_intron,0.040658546,0.049176389,0.042956105,0.048510846,0.046426265,0.05044421,0.039831829,0.039345262,0.043137255,0.053840293,0.05768455,0.057355114,0.35060265,0.387004908,0.021558719
YBR082C_intron,0.022000534,0.029326265,0.018352206,0.025939714,0.022661146,0.022652891,0.02158324,0.019078133,0.023078907,0.025327715,0.030061592,0.024960338,0.897342761,0.696394646,0.17138517
YBR084C-A_intron,0.01422259,0.014144049,0.014555566,0.017903818,0.015509072,0.016408515,0.034265297,0.030629302,0.034241257,0.040267466,0.041951656,0.041861852,0.082504824,0.003623551,0.00037552
YBR090C_intron,0.185890653,0.196732471,0.159751623,0.216180371,0.197663404,0.201074186,0.330596607,0.33915212,0.340050378,0.366756757,0.350490925,0.37546575,0.182668801,0.006137719,0.009419906
YBR111W-A_intron,0.12207528,0.15026362,0.128424658,0.219271624,0.205882353,0.21564161,0.285507944,0.271047228,0.296890185,0.348783846,0.33495935,0.349408984,0.023663797,0.009898454,0.003871608
YBR119W_intron,0.027633851,0.023569024,0.026104418,0.027287319,0.04361874,0.032085562,0.045169385,0.024930748,0.024934383,0.040941658,0.062750334,0.050223214,0.29135716,0.419373655,0.076541617
YBR181C_intron,0.02371199,0.027388576,0.024356787,0.029002493,0.02807107,0.026229313,0.038367302,0.037431116,0.039173339,0.044794189,0.0455619,0.046354512,0.198788463,0.013828193,0.003173271
YBR186W_intron,0.133858268,0.136363636,0.25,0.160493827,0.206521739,0.158823529,0.249075216,0.266666667,0.232922732,0.201361316,0.241650295,0.237918216,0.972536678,0.245353855,0.261561524
YBR189W_intron,0.027274541,0.02470292,0.026066089,0.032320862,0.028805799,0.031447418,0.060976383,0.059340228,0.06282283,0.083250674,0.07790412,0.084442892,0.006186304,0.000664765,0.000716082
YBR191W_intron,0.02865994,0.026791928,0.027595244,0.030099753,0.027335092,0.027729113,0.057158576,0.057396087,0.057903978,0.054671948,0.054083705,0.055962933,0.208788542,0.000487294,0.000624927
YBR215W_intron,0.02545156,0.027462121,0.025720165,0.028210117,0.033492823,0.031023785,0.048780488,0.058876812,0.034624897,0.071536145,0.071765817,0.067780873,0.041815347,0.084290962,0.000694553
YBR219C_intron,0.736745887,0.730038023,0.738738739,0.544982699,0.4944,0.533094812,0.686679175,0.690248566,0.737060041,0.516265912,0.560553633,0.573712256,0.003743504,0.173921619,0.009119241
YBR230C_intron,0.022680412,0.012468828,0.014516129,0.042709867,0.034307497,0.015360983,0.031047865,0.021978022,0.055630936,0.033057851,0.035862069,0.030193237,0.168142028,0.208335923,0.048750266
YBR255C-A_intron,0.139784946,0.188010899,0.169451074,0.200988468,0.236065574,0.183123878,0.191756272,0.171247357,0.143112701,0.261111111,0.230344828,0.185185185,0.101668711,0.915537974,0.199956028
YCL002C_intron,0.093922652,0.09878127,0.084,0.154662623,0.104026846,0.141104295,0.198637912,0.174471299,0.193735499,0.201988072,0.195364238,0.209056284,0.149246879,0.011824917,0.005615667
YCL005W-A_intron,0.06409925,0.060634328,0.062352013,0.125540255,0.122553421,0.118939693,0.066691505,0.067448326,0.063347853,0.141284043,0.136031478,0.134017537,0.000805162,0.183807185,0.00047278
YCL012C_intron,0.030991736,0.038548753,0.045627376,0.044609665,0.048494983,0.05380334,0.034055728,0.027375201,0.041860465,0.075286416,0.060553633,0.067768595,0.022183868,0.437176916,0.05772131
YCR028C-A_intron,0.049783995,0.051009786,0.043131644,0.050244101,0.046185879,0.047345768,0.049478634,0.057026912,0.052610992,0.074851412,0.079382826,0.075260045,0.986543562,0.219140062,0.005074945
YCR031C_intron,0.018851828,0.02193428,0.021668202,0.020658873,0.023878988,0.02060593,0.033009555,0.035009193,0.031699585,0.03334179,0.030730585,0.035127262,0.456943769,0.009744126,0.01984258
YCR097W_intron,0.067354966,0.061488673,0.048180924,0.074731434,0.078538429,0.094982079,0.075757576,0.074584323,0.072212066,0.129485757,0.113880533,0.132045723,0.183307773,0.081812263,0.019221104
YDL012C_intron,0.073496659,0.083989501,0.07708628,0.11546841,0.107080164,0.088522589,0.127832655,0.093432995,0.123420797,0.179327522,0.170731707,0.148418492,0.103223242,0.117403119,0.012622014
YDL029W_intron,0.011993791,0.010496307,0.008790687,0.010585918,0.012340139,0.010779644,0.013947001,0.013071112,0.011926818,0.017082514,0.021223471,0.019239275,0.541842885,0.017416409,0.041225672
YDL064W_intron,0.035606315,0.041614907,0.03488,0.046549479,0.047368421,0.041784703,0.060083094,0.050064599,0.052757794,0.067955112,0.06958319,0.077464789,0.037753436,0.067831504,0.015570342
YDL075W_intron,0.008374025,0.008163708,0.009463838,0.009223374,0.010111235,0.010500679,0.010880753,0.009612717,0.011189512,0.020992901,0.02104529,0.021439996,0.063773408,0.026844416,0.000463151
YDL079C_intron,0.085,0.031460674,0.034852547,0.097765363,0.088435374,0.075642965,0.081967213,0.084675015,0.077664399,0.107199367,0.126666667,0.135489153,0.104032956,0.214663824,0.102747149
YDL082W_intron,0.017758183,0.017091994,0.017235985,0.018997188,0.020977441,0.020210734,0.025915528,0.023680869,0.024808718,0.031499736,0.032455282,0.034950563,0.073653207,0.003762607,0.005417089
YDL083C_intron,0.012769083,0.012504485,0.013731075,0.014648471,0.01355059,0.014202909,0.019038912,0.018540398,0.019191684,0.027424842,0.025741902,0.026785556,0.109266401,0.001644203,0.001371665
YDL108W_intron,0.042238648,0.027139875,0.038095238,0.033632287,0.042662116,0.049195837,0.071670429,0.059033989,0.067292645,0.074608905,0.083686441,0.081967213,0.503113853,0.00081603,0.023988834
YDL115C_intron,0.068058076,0.063311688,0.039781591,0.073275862,0.088348271,0.075198843,0.182188385,0.170682731,0.192496813,0.18643041,0.212750455,0.183622385,0.132083119,0.012578631,0.004818976
YDL125C_intron,0.055306905,0.051907255,0.059241348,0.119203563,0.107480119,0.110706387,0.100914324,0.096064559,0.101569408,0.138670596,0.137992495,0.141801306,0.004093756,0.000463991,0.000161203
YDL130W_intron,0.014789534,0.015042558,0.01602706,0.019077767,0.01788503,0.017650259,0.053089689,0.045472018,0.050481942,0.083680375,0.087237946,0.084554215,0.063151126,0.004336132,0.00027878
YDL136W_intron,0.016788784,0.016730486,0.015301731,0.020748468,0.018223235,0.019683489,0.058305109,0.056033532,0.054653881,0.060209424,0.05878078,0.065919358,0.067929192,0.000331687,0.003413142
YDL191W_intron,0.018614645,0.017174885,0.016793683,0.020911063,0.017851399,0.018471268,0.041027825,0.038866544,0.038308124,0.045501415,0.039849731,0.047638726,0.081515284,0.000157855,0.007657219
YDL219W_intron,0.013870542,0.01172116,0.009596929,0.033099936,0.032258065,0.031636864,0.015005359,0.0111849,0.016050244,0.039986212,0.033797217,0.042363831,0.001549765,0.380704159,0.013077605
YDR005C_intron,0.037524687,0.028118241,0.030412744,0.027406417,0.037516171,0.036226931,0.027555271,0.036465638,0.021563342,0.043810848,0.046177726,0.043700922,0.803721845,0.615618468,0.066910397
YDR025W_intron,0.008408113,0.007824067,0.008546866,0.009227746,0.009735561,0.010448015,0.011126041,0.010645454,0.010242799,0.014639081,0.015538791,0.016041845,0.050873221,0.021465052,0.004158734
YDR059C_intron,0.094285714,0.070754717,0.064655172,0.058551618,0.062322946,0.050632911,0.071057192,0.086715867,0.122923588,0.098092643,0.085714286,0.103146853,0.14520981,0.545079253,0.202874962
YDR064W_intron,0.022543909,0.023492466,0.023916342,0.029633934,0.025858307,0.025347923,0.150508701,0.143429106,0.151075596,0.16841523,0.161397202,0.169931817,0.174019921,0.000416551,0.000349727
YDR092W_intron,0.070815451,0.069845534,0.08848406,0.13870614,0.12527115,0.108630054,0.114810563,0.111169102,0.099198397,0.181704261,0.195945946,0.202653248,0.078949832,0.095556761,0.001555446
YDR129C_intron,0.010113983,0.014099063,0.009907121,0.012904026,0.010016904,0.013084633,0.013308997,0.012585726,0.017012152,0.015732609,0.01647686,0.015540639,0.814796272,0.360758342,0.052374785
YDR139C_intron,0.219236209,0.196835738,0.188369153,0.246489104,0.227848101,0.210576015,0.23742515,0.235027855,0.217404488,0.287652646,0.285443518,0.278339728,0.008923079,0.038843163,0.007088151
YDR305C_intron,0.076642336,0.062206573,0.070138151,0.07840123,0.071808511,0.075443787,0.105651106,0.101796407,0.106876553,0.121819961,0.093181818,0.126005362,0.133928457,0.008006567,0.025805059
YDR318W_intron,0.030065359,0.029447853,0.038512616,0.027253669,0.042364532,0.038812785,0.056494192,0.043814433,0.046488125,0.074520303,0.063325991,0.064305685,0.545669152,0.095199899,0.023387218
YDR367W_intron,0.0286554,0.023224044,0.03657695,0.037922506,0.023255814,0.027515723,0.053143227,0.062458026,0.052498419,0.085159674,0.086987779,0.087357955,0.989413806,0.059915556,0.004312784
YDR381C-A_intron,0.2734375,0.311740891,0.204437401,0.370572207,0.320498301,0.320529801,0.286480687,0.336094675,0.311617807,0.399482312,0.368686869,0.401380671,0.154722539,0.245852613,0.088523749
YDR381W_intron,0.105211147,0.111937128,0.099369949,0.064397307,0.07073214,0.071117075,0.093304734,0.082827209,0.072639044,0.060680583,0.063435495,0.060512645,0.013128798,0.052377198,0.004027553
YDR397C_intron,0.027929569,0.021012931,0.01943968,0.045238095,0.040087864,0.05945604,0.065407646,0.061277034,0.065313327,0.13933162,0.131530424,0.137553256,0.073123578,0.003570714,0.000447396
YDR424C_intron,0.114976415,0.112903226,0.102948784,0.398210291,0.362851782,0.351976137,0.143646409,0.150142993,0.14957265,0.396005073,0.396413705,0.419715447,0.001857067,0.018572852,0.001534595
YDR447C_intron,0.029567654,0.029000863,0.030608813,0.04356498,0.037359844,0.038491409,0.097532511,0.090841798,0.095442274,0.100127551,0.099518612,0.102014725,0.035920546,0.000741739,1.66815E-05
YDR450W_intron,0.026251134,0.027034384,0.02455389,0.036881447,0.03452755,0.033369554,0.031937661,0.034024712,0.033564957,0.036874418,0.03584771,0.038580428,0.010099354,0.017430007,0.018257131
YDR471W_intron,0.019579652,0.018376758,0.021321058,0.026990834,0.024996453,0.025925343,0.050791032,0.046714607,0.048497642,0.064027064,0.067054075,0.063747957,0.017617299,0.001716355,0.001656955
YDR500C_intron,0.033164164,0.032060318,0.032273467,0.038288644,0.038139103,0.035976806,0.054134992,0.050718372,0.05348181,0.067087659,0.061530606,0.067092857,0.018749929,0.001604986,0.002543007
YDR535C_intron,0.522727273,0.413043478,0.5,0.586956522,0.653061225,0.540540541,0.701754386,0.632124352,0.658385093,0.608247423,0.615702479,0.605381166,0.209278499,0.009100372,0.068398225
YEL003W_intron,0.096376541,0.103291317,0.098086124,0.098547718,0.108041743,0.108278146,0.160468521,0.144485417,0.137721079,0.17540435,0.177264547,0.172413793,0.137251484,0.025750492,0.000461824
YEL012W_intron,0.040307102,0.031372549,0.038140644,0.042982456,0.031274433,0.044048735,0.082652134,0.082191781,0.071491615,0.076659039,0.07535795,0.052667117,0.244720045,0.014002514,0.069854977
YEL076C-A_intron,0.69072165,0.743902439,0.689655172,0.788888889,0.686440678,0.633333333,0.726153846,0.673981191,0.71147541,0.878947368,0.862903226,0.678787879,0.928966942,0.910106461,0.232561192
YER003C_intron,0.00445086,0.004040171,0.007768876,0.004254188,0.004407571,0.006783086,0.009639564,0.006892823,0.008631319,0.021491603,0.020562953,0.018344381,0.560313286,0.140890582,0.019300134
YER007C-A_intron,0.010679391,0.00950524,0.010291595,0.012146818,0.01984127,0.015100671,0.017509302,0.019892713,0.023445677,0.043918919,0.040637013,0.032228571,0.165549279,0.031168334,0.014237721
YER014C-A_intron,0.405088063,0.403041825,0.404135338,0.436046512,0.452762923,0.437919463,0.601190476,0.573549258,0.569486405,0.658227848,0.635258359,0.606493507,0.022639297,0.002862989,0.004106156
YER044C-A_intron,0.038461538,0.109589041,0.03030303,0.025700935,0.029574861,0.032482599,0.091549296,0.127572017,0.086666667,0.0803485,0.062885327,0.060409924,0.354692333,0.074413534,0.790168745
YER056C-A_intron,0.035273874,0.039726271,0.040995976,0.048602714,0.049671362,0.050295751,0.060830571,0.060971083,0.058540914,0.075740871,0.074676427,0.076058709,0.012984106,0.011449922,0.002434763
YER074W-A_intron,0.064593301,0.066755674,0.056098598,0.069086139,0.057924377,0.086113616,0.069970845,0.055975794,0.065934066,0.085091421,0.120428189,0.096198604,0.530996241,0.83542349,0.058368547
YER074W_intron,0.025582648,0.025063118,0.025201613,0.027608583,0.026086957,0.02623057,0.051262516,0.051675864,0.049215484,0.052645542,0.048037953,0.048575603,0.05513604,0.000891861,0.002815857
YER093C-A_intron,0.096385542,0.097087379,0.107594937,0.084210526,0.091059603,0.116853933,0.078817734,0.132768362,0.126829268,0.141560799,0.169262721,0.17519685,0.685918055,0.511918628,0.017824752
YER117W_intron,0.011935891,0.012245613,0.010465506,0.01295819,0.012819073,0.013785947,0.017190905,0.016531318,0.015166513,0.025437522,0.02499106,0.026841546,0.193933835,0.003479716,0.006004515
YER133W_intron,0.023414219,0.028211543,0.025403546,0.045525903,0.041354834,0.041835241,0.037829957,0.039502035,0.041060606,0.053688012,0.06757662,0.061320403,0.022343916,0.008760311,0.00562379
YER179W_intron,0.125,0.098765432,0.280898876,0.173913044,0.2,0.29375,0.250728863,0.21754386,0.249158249,0.221590909,0.298288509,0.218045113,0.168397881,0.301448501,0.415513778
YFL031W_intron,0.425925486,0.418280025,0.415392183,0.359225441,0.374791645,0.38758803,0.402832379,0.410232019,0.407994442,0.374514121,0.396019453,0.386870082,0.05536854,0.129132851,0.061472447
YFL034C-A_intron,0.1349739,0.134042553,0.120689655,0.160794941,0.164664518,0.163995068,0.474630126,0.484739677,0.481553023,0.444666588,0.451970271,0.453109201,0.023732357,0.000305273,0.000430642
YFL034C-B_intron,0.012251149,0.024316109,0.012259194,0.030015798,0.039848197,0.021653543,0.047957371,0.045714286,0.04467354,0.062381853,0.086345382,0.066666667,0.029559283,0.020380846,0.003904936
YFL039C_intron,0.006689936,0.005533746,0.006572902,0.008515104,0.008816955,0.008936942,0.007584364,0.007921949,0.007634918,0.012739421,0.013955387,0.013207931,0.027982378,0.091987242,0.010127536
YFR024C-A_intron,0.008820287,0.011783367,0.011181244,0.019246191,0.014594192,0.016351989,0.019947247,0.021704884,0.016191811,0.024358642,0.025359256,0.029497173,0.112323573,0.043377582,0.007479657
YFR031C-A_intron,0.013888333,0.015563349,0.014909954,0.015140277,0.014583491,0.015859016,0.021668345,0.019484824,0.021768665,0.025511843,0.029671432,0.026651299,0.619219926,0.033592243,0.004171254
YFR045W_intron,0.047709924,0.03057554,0.062773723,0.063032368,0.055646481,0.052631579,0.046153846,0.069602273,0.063649222,0.070953437,0.080110497,0.064070352,0.438110707,0.433310748,0.218613722
YGL030W_intron,0.021117166,0.017818064,0.018357267,0.021102885,0.018724265,0.020245156,0.109175255,0.10175905,0.105618383,0.140983882,0.121388393,0.132321358,0.233621535,0.000212746,0.001789131
YGL033W_intron,0.225,0.371428571,0.174603175,0.158163265,0.152263375,0.112244898,0.154471545,0.2,0.215053763,0.132505176,0.146788991,0.138297872,0.15302541,0.386820687,0.169259578
YGL076C_intron,0.03141114,0.030085748,0.034322834,0.049873481,0.051649054,0.053112099,0.041440788,0.037405805,0.039350141,0.065117314,0.067770587,0.065425315,0.002508194,0.035574564,0.003123663
YGL087C_intron,0.019442096,0.030534351,0.018754689,0.01282794,0.009986684,0.011721311,0.030670471,0.023028611,0.025607354,0.013452248,0.011959442,0.014367596,0.130393015,0.596854059,0.164390961
YGL103W_intron,0.020026088,0.019853246,0.01945418,0.021129192,0.020590165,0.020946178,0.186161598,0.189706309,0.185331647,0.217547425,0.210905586,0.21328853,0.036434159,5.89383E-05,9.31202E-05
YGL137W_intron,0.008635018,0.007237927,0.007734541,0.006421005,0.007719214,0.007884005,0.010445432,0.009296405,0.010301638,0.012087469,0.014550384,0.012732534,0.597428738,0.010605751,0.042673542
YGL178W_intron,0.180629088,0.188797364,0.199468968,0.252876639,0.230926779,0.242296073,0.174904943,0.180983607,0.185453292,0.241657977,0.228222437,0.231094979,0.034052829,0.066264388,0.037659395
YGL183C_intron,0.238095238,0.136363636,0.15625,0.382075472,0.298507463,0.425287356,0.217391304,0.234234234,0.224719101,0.309931507,0.294252874,0.301740812,0.039000267,0.306386044,0.043148943
YGL226C-A_intron,0.043832185,0.042777778,0.047672462,0.054866101,0.055619266,0.048026316,0.036466359,0.045769026,0.043292357,0.068118628,0.053635895,0.058595642,0.173947159,0.443138645,0.075149626
YGL232W_intron,0.049145299,0.045321024,0.049771879,0.060015004,0.048134328,0.055710306,0.093768372,0.084216904,0.094788087,0.107276819,0.105696203,0.100770925,0.108107531,0.002124212,0.002493377
YGL251C_intron,0.001432665,0.00122549,0.002604167,0.002173913,0.004291845,0.009302326,0.000613121,0.002829299,0.001242236,0.011052938,0.011941448,0.00695825,0.180765818,0.852298159,0.052485494
YGR001C_intron,0.062895928,0.064827586,0.074747475,0.088942308,0.085106383,0.087490103,0.150710546,0.141640043,0.13086771,0.228494624,0.238660578,0.228444444,0.036204478,0.015571242,0.001261948
YGR029W_intron,0.045222465,0.036879433,0.02614841,0.043402778,0.044117647,0.032490975,0.121853776,0.112031558,0.121132076,0.154682007,0.15998443,0.153508772,0.306722339,0.005959107,0.002019196
YGR034W_intron,0.014219157,0.013882476,0.01334946,0.015672836,0.014849653,0.01420873,0.027576083,0.028325536,0.028016614,0.035890981,0.034350413,0.037715536,0.026839172,0.000815933,0.0026913
YGR118W_intron,0.013046087,0.011820191,0.010015771,0.013945593,0.012487435,0.014398483,0.02572952,0.023096022,0.023694893,0.043200196,0.048155616,0.045634287,0.240657287,0.003073535,0.003272853
YGR183C_intron,0.086866598,0.072588348,0.079792746,0.099913119,0.081029552,0.099794239,0.139492754,0.129315389,0.15153235,0.165997323,0.177728614,0.177275839,0.054268812,0.009135737,0.00668387
YGR214W_intron,0.016342369,0.017024635,0.01443175,0.016685807,0.015180266,0.016120533,0.018431798,0.017648191,0.016897593,0.022216433,0.024260867,0.024791968,0.957033625,0.091639844,0.027621504
YGR225W_intron,0.025641026,0.025641026,0.205128205,0.084745763,0.083333333,0.11627907,0.122222222,0.126582279,0.092105263,0.082352941,0.090909091,0.079207921,0.866986819,0.728511695,0.985106653
YHL001W_intron,0.030382303,0.02535187,0.030913201,0.039882773,0.032443169,0.03750952,0.049906716,0.047237709,0.047438424,0.057392996,0.065620542,0.060121594,0.013201932,0.006389514,0.015882884
YHL050C_intron,0.35770751,0.373205742,0.468144044,0.365819209,0.408602151,0.409722222,0.356414385,0.390873016,0.393896714,0.369136961,0.362732096,0.358895706,0.87482681,0.562262316,0.433377302
YHR001W-A_intron,0.040415704,0.043243243,0.035294118,0.056930693,0.052132701,0.071486596,0.036144578,0.053174603,0.045252884,0.068990043,0.058770344,0.056677019,0.127577302,0.386500796,0.028601472
YHR010W_intron,0.02210913,0.020002094,0.021724938,0.024099309,0.02394241,0.023652444,0.026830642,0.024916099,0.024357018,0.035191015,0.037292345,0.03929701,0.058138548,0.030476028,0.008154356
YHR012W_intron,0.008415842,0.014021032,0.008593397,0.010586319,0.016673283,0.02258202,0.016426586,0.013568521,0.014549938,0.020108923,0.01778766,0.01763285,0.245903788,0.219166277,0.072614664
YHR016C_intron,0.0275,0.038065028,0.015864622,0.028033088,0.023768366,0.019504481,0.036707056,0.04015748,0.038612799,0.045744681,0.04133032,0.047450634,0.604065406,0.201884371,0.162946529
YHR021C_intron,0.025166442,0.021075235,0.023098322,0.029145168,0.027038782,0.025703529,0.041779765,0.044094322,0.039956621,0.059550562,0.050349777,0.065350016,0.05026088,0.012160034,0.011237359
YHR039C-A_intron,0.033813618,0.036185029,0.034131158,0.041074856,0.036367458,0.03697712,0.047396456,0.05153522,0.047991314,0.06877193,0.062002687,0.063137295,0.238484018,0.001476758,0.007915746
YHR041C_intron,0.077887789,0.084266667,0.069815195,0.116898148,0.099833611,0.101497504,0.121641427,0.116236162,0.143448276,0.18852459,0.177973199,0.191709845,0.053389843,0.056797964,0.005626907
YHR076W_intron,0.098113208,0.113183001,0.097001764,0.135477069,0.111662531,0.125220459,0.124356436,0.102607952,0.111196026,0.143506248,0.153398058,0.139576767,0.210492316,0.455337582,0.001224769
YHR077C_intron,0.003752345,0.005950964,0.006027254,0.009300163,0.004501463,0.007156109,0.005624093,0.00477327,0.004621514,0.010439468,0.010787056,0.014771877,0.483598357,0.84319493,0.026800349
YHR079C-A_intron,0.8,0.5,0.727272727,0.6,0.45,0.5,0.733333333,0.545454546,0.666666667,0.769230769,0.576923077,0.642857143,0.10197349,0.531901377,0.813234428
YHR097C_intron,0.06561086,0.065445026,0.063368056,0.062348961,0.046961326,0.056134259,0.037576687,0.051563821,0.049290515,0.055407565,0.068394528,0.078571429,0.168221441,0.057622592,0.752522133
YHR101C_intron,0.016728625,0.015570934,0.027472527,0.035964036,0.032,0.034410845,0.033472803,0.021276596,0.028436019,0.032918149,0.037619315,0.038652131,0.062296098,0.236970656,0.034483846
YHR123W_intron,0.014064698,0.02143446,0.015205725,0.018442623,0.01566324,0.009518773,0.039121756,0.040110106,0.039222874,0.048318516,0.052257737,0.05826087,0.556133534,0.007574803,0.010059901
YHR141C_intron,0.12027384,0.120171998,0.123887198,0.117430291,0.120589415,0.121775613,0.127737146,0.130199484,0.123268483,0.128474279,0.127525695,0.132599226,0.265395275,0.221668524,0.002389112
YHR199C-A_intron,0.137931035,0.144329897,0.119133574,0.310904872,0.283618582,0.285714286,0.057173107,0.065635005,0.074912016,0.152353427,0.146496815,0.130301482,0.004161607,0.029139925,0.127575383
YHR203C_intron,0.005330556,0.005545549,0.006234081,0.007880119,0.006384838,0.00672498,0.008458085,0.007475894,0.008596746,0.013683575,0.014757809,0.014130346,0.179097375,0.019441478,0.002059638
YIL004C_intron,0.036121673,0.037137681,0.022105263,0.036525173,0.019774011,0.032657658,0.058275058,0.064851882,0.062449311,0.091724138,0.079166667,0.111029949,0.817960819,0.030569292,0.046705443
YIL018W_intron,0.014849671,0.015526515,0.01613491,0.017483536,0.017904936,0.019091299,0.027369447,0.025964585,0.028155999,0.034341875,0.034964949,0.036147216,0.003939765,0.00288408,8.673E-05
YIL052C_intron,0.020896287,0.020060427,0.020888624,0.027405532,0.024595204,0.023164568,0.024404174,0.025260227,0.023052657,0.039207029,0.035448337,0.043578731,0.068199289,0.054020149,0.01250543
YIL069C_intron,0.014342982,0.011466156,0.013080425,0.016792694,0.016715487,0.017780369,0.035119502,0.033849489,0.031884058,0.040912692,0.043076023,0.042235694,0.040359765,0.002502428,0.002489133
YIL073C_intron,0.01618705,0.021956088,0.013043478,0.0321489,0.039513678,0.031598513,0.036831683,0.027651859,0.028068705,0.052,0.050123254,0.05615072,0.001887495,0.087098365,0.014288418
YIL106W_intron,0.010325655,0.023186238,0.021853147,0.02027575,0.026605505,0.013686912,0.036734694,0.032967033,0.037949401,0.043733681,0.048372911,0.057774002,0.774447538,0.069367324,0.010420497
YIL111W_intron,0.1375948,0.167630058,0.112140871,0.115598886,0.106314433,0.1367713,0.137667304,0.154535274,0.144715447,0.197196559,0.198920863,0.184684685,0.51352217,0.678464214,0.046532098
YIL133C_intron,0.010630081,0.010197236,0.011589255,0.012521813,0.011052421,0.011088286,0.025410915,0.023597149,0.024732727,0.038442548,0.039027303,0.038934318,0.392829398,0.001359781,0.000245108
YIL148W_intron,0.052084659,0.059036172,0.057162705,0.055980906,0.054584335,0.052054657,0.057896483,0.059987791,0.062904868,0.062436586,0.061861931,0.064372865,0.581646368,0.122204892,0.089502655
YIL156W-B_intron,0.116698292,0.133567663,0.103085026,0.159885796,0.16971831,0.161729384,0.151089248,0.134459956,0.150492264,0.233585859,0.211678832,0.237841439,0.020231269,0.184947068,0.022363027
YJL001W_intron,0.017112945,0.019672131,0.013026561,0.023262706,0.017735698,0.016540917,0.089748452,0.087352138,0.076443805,0.091690009,0.098825718,0.098647065,0.392405744,0.001534806,0.001608317
YJL024C_intron,0.018793274,0.019195612,0.01953125,0.025901943,0.019704434,0.036420395,0.058035714,0.053063193,0.053763441,0.077575244,0.066523605,0.070301291,0.228154093,0.002340439,0.004183696
YJL031C_intron,0.046441948,0.042748092,0.036491677,0.056848944,0.04476709,0.046912114,0.069494124,0.05622701,0.080442433,0.074745187,0.080675422,0.087235996,0.11265273,0.096465447,0.026682484
YJL041W_intron,0.00240048,0.002908277,0.004109589,0.006841817,0.004947774,0.004189494,0.010069226,0.005589879,0.006522972,0.007597896,0.006674519,0.013689014,0.225054357,0.130481183,0.071555913
YJL136C_intron,0.014535535,0.013458209,0.015103426,0.017278085,0.017042009,0.020253165,0.022289534,0.019261224,0.023522722,0.035119986,0.035561878,0.031613506,0.032354548,0.011291191,0.007085873
YJL177W_intron,0.010514918,0.010864982,0.011996109,0.013614225,0.012594528,0.01232276,0.0267325,0.026329054,0.025891508,0.033875216,0.037322459,0.039872055,0.164887785,0.002020811,0.002639774
YJL189W_intron,0.028721906,0.026906356,0.025605796,0.040366972,0.035577236,0.036407281,0.038711675,0.03811041,0.037559256,0.077914692,0.078942398,0.082810933,0.007200714,0.002670592,0.001966222
YJL191W_intron,0.082637008,0.082609151,0.077623693,0.392691338,0.378928025,0.405687137,0.111996669,0.120416371,0.108876231,0.36321787,0.371128938,0.385437595,0.00086966,0.006031274,0.000764376
YJL205C_intron,0.294460641,0.335025381,0.277511962,0.423558897,0.360248447,0.353383459,0.419213974,0.377516779,0.375,0.418055556,0.407465008,0.418816389,0.124793631,0.067625541,0.032098357
YJR021C_intron,0.313364055,0.251243781,0.272040302,0.238267148,0.187845304,0.254658385,0.304672897,0.318895166,0.28,0.270299728,0.26596445,0.248987854,0.098283877,0.437365703,0.418350007
YJR079W_intron,1.421824104,1.352583587,1.306916427,1.427374302,1.356622999,1.445993031,1.316622691,1.416413374,1.25831202,1.429597701,1.386407767,1.425490196,0.383590664,0.607356903,0.251508092
YJR094W-A_intron,0.017010276,0.017665824,0.017600329,0.019257532,0.019435277,0.017922935,0.033150802,0.032787915,0.033425824,0.048656419,0.051909651,0.050338199,0.129619502,0.00036764,0.000524275
YJR112W-A_intron,0.544444444,0.589651023,0.597785978,0.641245972,0.629511677,0.606430155,0.659521436,0.668559628,0.644210526,0.63832853,0.614914425,0.647856755,0.201352826,0.05611536,0.106634236
YJR145C_intron,0.017401282,0.017187611,0.018554733,0.019048928,0.018498356,0.019822922,0.019909397,0.019588817,0.021334948,0.02206389,0.022482142,0.023572016,0.007179576,0.001931809,0.001339627
YKL002W_intron,0.023449713,0.020481311,0.016213639,0.014329136,0.018843683,0.02017832,0.031541219,0.028683694,0.027243008,0.034460125,0.030112923,0.032085562,0.610848511,0.010958423,0.023336901
YKL006C-A_intron,0.105232558,0.102125148,0.086282113,0.467567568,0.45077951,0.433430515,0.13901722,0.130242826,0.15974026,0.453223876,0.442545305,0.455662696,0.000187532,0.087074384,0.000604287
YKL006W_intron,0.03115673,0.029133965,0.030950641,0.037575116,0.036059555,0.037054274,0.054955799,0.050146234,0.051925809,0.076408848,0.070767869,0.0762819,0.001361457,0.001813739,0.00076474
YKL081W_intron,0.012116235,0.013587731,0.013573732,0.038268088,0.045180245,0.05227694,0.014125973,0.014278694,0.014309178,0.051645057,0.07264409,0.059119203,0.012536835,0.117836183,0.014137477
YKL156W_intron,0.048692564,0.050739431,0.052122307,0.075629576,0.067151478,0.063590807,0.09893863,0.100641342,0.100494975,0.122936159,0.114950839,0.116436589,0.057033041,0.000135219,0.002414247
YKL157W_intron,0.08788169,0.089709763,0.095747731,0.099222586,0.086658725,0.09646984,0.099101124,0.092790807,0.099221357,0.101183921,0.105873951,0.103178524,0.557800216,0.154862465,0.041013116
YKL180W_intron,0.013661828,0.011979335,0.013099568,0.015536847,0.015385122,0.016208786,0.018126437,0.016287128,0.016876655,0.026177726,0.026145284,0.030403048,0.026957916,0.002463801,0.009047057
YKL190W_intron,0.010934744,0.00955414,0.01066834,0.015424165,0.015333734,0.01338826,0.016924053,0.017467249,0.020092425,0.036021926,0.029506571,0.039859614,0.039488351,0.015949858,0.011465826
YKR004C_intron,0.091811414,0.066381156,0.021377672,0.045364892,0.050916497,0.051094891,0.076923077,0.083661417,0.095338983,0.08318264,0.084150327,0.078205128,0.675431167,0.43044768,0.366941431
YKR005C_intron,0.139534884,0.137254902,0.105990783,0.138755981,0.142156863,0.159793814,0.163157895,0.145454546,0.174603175,0.164885496,0.140417457,0.183123878,0.381034241,0.205962043,0.249328078
YKR057W_intron,0.009854669,0.010463326,0.011221266,0.014764224,0.012159512,0.015504253,0.021296831,0.018900675,0.022104476,0.043553169,0.040565998,0.038722801,0.066210934,0.00799917,0.003466595
YKR094C_intron,0.017478627,0.01928348,0.016715291,0.019929409,0.017412407,0.02004203,0.023128143,0.022152396,0.023809524,0.032803491,0.035638071,0.033978002,0.502769898,0.052345407,0.001175271
YKR095W-A_intron,0.040149393,0.047904192,0.045757865,0.057541412,0.05682782,0.057866184,0.074895978,0.057142857,0.069405099,0.109342561,0.12716763,0.111285267,0.03522353,0.092619394,0.00329801
YLL050C_intron,0.018665801,0.015652819,0.017257039,0.02408143,0.026335202,0.020863696,0.04461888,0.047239135,0.048263767,0.070533352,0.070119157,0.075063706,0.090463181,0.003653703,0.000985557
YLL066C_intron,0.042735043,0.063492063,0.02238806,0.03030303,0.054054054,0.069767442,0.029925187,0.03712297,0.04159132,0.083783784,0.051094891,0.041493776,0.704759704,0.670914351,0.412644497
YLL067C_intron,0.125,0.137931035,0.073170732,0.072463768,0.128205128,0.147540984,0.096,0.149122807,0.129411765,0.173184358,0.120967742,0.112359551,0.923660515,0.654695101,0.368610025
YLR048W_intron,0.021474997,0.021737731,0.023589774,0.024764905,0.024519252,0.024854502,0.023599057,0.023201713,0.025222079,0.032974701,0.034730398,0.036440903,0.056669449,0.012704295,0.001457978
YLR054C_intron,0.026666667,0,0,0.006802721,0.005813953,0.005102041,0.010380623,0.01396648,0.013463892,0.013582343,0.017218543,0.00996264,0.757652011,0.745978866,0.65818094
YLR061W_intron,0.020754507,0.020342123,0.020856698,0.022447402,0.021889292,0.022258986,0.050608301,0.047380489,0.048371512,0.059698571,0.065912174,0.063325268,0.002926095,0.000954796,0.002038606
YLR078C_intron,0.020979021,0.027355623,0.025242718,0.046255507,0.03313253,0.043173862,0.051744886,0.053824363,0.049352252,0.07231405,0.068634686,0.078030303,0.102883112,0.005124257,0.005527623
YLR093C_intron,0.02677747,0.024534303,0.031537451,0.023132347,0.026624902,0.022565817,0.060299756,0.046216921,0.046998285,0.06452581,0.060422961,0.061688312,0.386564276,0.047035163,0.004339539
YLR128W_intron,0.042895442,0.048338369,0.028368794,0.065789474,0.035460993,0.042307692,0.097591888,0.082191781,0.081009296,0.076117983,0.074626866,0.075675676,0.534889128,0.019282723,0.028859381
YLR185W_intron,0.034137184,0.036996283,0.033300953,0.038586733,0.040181845,0.041437827,0.072523728,0.067465153,0.070638248,0.077973272,0.075027503,0.074983134,0.071376269,0.004884035,0.001688054
YLR199C_intron,0.009157509,0.018092105,0.014035088,0.013079667,0.017811705,0.02407932,0.071165644,0.060386473,0.063053097,0.065768621,0.075052854,0.068665377,0.267453671,0.012575741,0.000167443
YLR202C_intron,0.508270677,0.492776886,0.461229947,0.418320611,0.455212922,0.450567261,0.444152431,0.388489209,0.386010363,0.4291939,0.3734375,0.37403599,0.18645335,0.021064433,0.016268192
YLR211C_intron,0.05988024,0.068870523,0.026455026,0.065060241,0.053811659,0.067605634,0.072183099,0.063607925,0.071052632,0.08,0.079418345,0.093922652,0.590822849,0.359708332,0.204118505
YLR275W_intron,0.013079667,0.014973262,0.011873351,0.024557957,0.020833333,0.027746948,0.034593725,0.023195876,0.022498061,0.032497679,0.029748284,0.038065844,0.062193653,0.08128339,0.026067943
YLR287C-A_intron,0.157159738,0.150872521,0.151921389,0.157189563,0.153924794,0.157951091,0.183672827,0.181279134,0.179395182,0.183089609,0.174252618,0.191318384,0.221593658,0.001728379,0.027095591
YLR306W_intron,0.110403397,0.115384615,0.098619329,0.093667546,0.095424837,0.115438109,0.160204082,0.174832962,0.173236515,0.184480234,0.199335548,0.165307635,0.62987745,0.0136054,0.004426967
YLR316C_intron,0.097932535,0.075069509,0.105137396,0.10911017,0.135391924,0.137931035,0.162493864,0.153431373,0.152941177,0.170036765,0.196283391,0.179545455,0.134409291,0.018770636,0.030671873
YLR329W_intron,0.2125,0.127659575,0.226666667,0.252873563,0.267912773,0.194174757,0.181818182,0.251101322,0.225941423,0.245697897,0.256837099,0.232009926,0.428004398,0.582261215,0.27456647
YLR344W_intron,0.022143563,0.021778089,0.024915616,0.027336097,0.027796524,0.027524772,0.030416388,0.025692288,0.032168062,0.035786198,0.033679028,0.034166388,0.046263958,0.038869005,0.011903729
YLR367W_intron,0.201699015,0.194094759,0.219956671,0.99873669,0.996615486,1.031349132,0.201937407,0.195299089,0.200043299,0.909278127,0.928507136,0.889002268,2.70803E-05,0.465493576,0.000725979
YLR406C_intron,0.007728693,0.008367414,0.010176651,0.021602026,0.017726948,0.016509927,0.020899035,0.020130195,0.022185445,0.047880974,0.045393235,0.051617507,0.04602605,0.001240061,0.001097221
YLR426W_intron,0.047675805,0.033557047,0.02739726,0.063704946,0.052974735,0.06271777,0.136955292,0.143922018,0.140736669,0.133547868,0.135690397,0.14845551,0.058071355,0.005227889,0.009599525
YLR445W_intron,0.423076923,0.206896552,0.357142857,0.318181818,0.166666667,0.238095238,0.290322581,0.310344828,0.302325581,0.260638298,0.316129032,0.25308642,0.0682266,0.725606169,0.590436127
YLR448W_intron,0.009474762,0.0097138,0.01089099,0.011721073,0.010827781,0.011659193,0.020119459,0.02016129,0.018681685,0.023933572,0.026320928,0.026152261,0.0910677,0.009012617,0.001643158
YLR464W_intron,0.78125,0.8125,0.847826087,0.875,0.845070423,0.851485149,0.860169492,0.92760181,0.81779661,0.907514451,0.938053097,0.869281046,0.244380043,0.336752453,0.120303859
YML017W_intron,0.030005456,0.032232497,0.025376685,0.027408813,0.032760687,0.038614557,0.043261231,0.043806279,0.038888889,0.056687662,0.057168784,0.057650629,0.522337688,0.00225491,0.006204749
YML024W_intron,0.030132951,0.033672921,0.031331628,0.03333927,0.03212902,0.033600047,0.038309588,0.039553281,0.035491235,0.040478127,0.040443653,0.042366107,0.46223268,0.034813416,0.019260777
YML025C_intron,0.015200869,0.013114754,0.013114754,0.022966507,0.018464529,0.018411968,0.03520352,0.03931848,0.026974952,0.029433962,0.035527691,0.051307847,0.017146635,0.030242715,0.071084388
YML026C_intron,0.013836439,0.013217163,0.01394128,0.014446433,0.014123671,0.01430407,0.016801712,0.015750162,0.013981538,0.024312877,0.022792937,0.023582372,0.057569466,0.180098948,0.000857056
YML034W_intron,0.025267994,0.024885939,0.025200458,0.02613525,0.020737327,0.030665669,0.022584228,0.023538961,0.026315789,0.033131571,0.027847049,0.026887661,0.817692098,0.474531807,0.157122606
YML036W_intron,0.168466523,0.16871832,0.15474339,0.193598751,0.22398346,0.230350195,0.165622825,0.168405365,0.175513093,0.200921128,0.238167939,0.22614841,0.071120004,0.514976991,0.04488794
YML056C_intron,0.01678406,0.016237437,0.01810191,0.107996818,0.114413777,0.128195968,0.018665567,0.016501437,0.015399981,0.090720146,0.111071901,0.113917485,0.003035658,0.902741324,0.006481722
YML067C_intron,0.012051916,0.013289037,0.009069631,0.017166042,0.016021765,0.013729977,0.027730375,0.033150434,0.024184841,0.04743083,0.044094488,0.041605482,0.029319464,0.007769292,0.001637407
YML073C_intron,0.00743179,0.007096307,0.010148795,0.013334499,0.014424662,0.012668713,0.016188595,0.016641012,0.017390594,0.027463876,0.025722243,0.027681661,0.066484904,0.006239878,0.001488106
YML085C_intron,0.008008008,0.012208259,0.010380952,0.007179896,0.009580604,0.008787346,0.013485852,0.012373859,0.013016211,0.015122662,0.017653759,0.017951698,0.084045679,0.21399494,0.009139905
YML094W_intron,0.028658537,0.047725997,0.027628032,0.037125749,0.044522554,0.04887218,0.062312762,0.051266214,0.05988024,0.095734597,0.075928009,0.081081081,0.33726243,0.142309346,0.048924476
YML124C_intron,0.023887694,0.025360685,0.025224406,0.031890661,0.025157873,0.029518209,0.028327682,0.027056045,0.025989972,0.038229927,0.035566774,0.030248355,0.231375697,0.172349371,0.067316566
YML133C_intron,0.388157895,0.394736842,0.466292135,0.525114155,0.515418502,0.518518519,0.377984085,0.344871795,0.361431871,0.476821192,0.467741936,0.441304348,0.057749741,0.183198298,0.32862388
YMR033W_intron,0.008958195,0.00797546,0.012526096,0.008744316,0.013624955,0.0220022,0.007084662,0.008064516,0.008062016,0.021338156,0.027039207,0.021879022,0.21978117,0.254952241,0.041736017
YMR079W_intron,0.009078853,0.009681035,0.009853971,0.008823529,0.00954534,0.00936303,0.024933215,0.025268817,0.027446427,0.030203247,0.02938707,0.03494495,0.106290782,0.001475429,0.005335176
YMR116C_intron,0.009143074,0.008421329,0.009795427,0.009553012,0.010218507,0.009060423,0.009459595,0.00838242,0.008307995,0.01141591,0.012089609,0.013503659,0.571712846,0.540839994,0.020858296
YMR125W_intron,0.013914657,0.011416922,0.015214058,0.019274786,0.019000704,0.027278689,0.015025654,0.018935762,0.021074816,0.033981191,0.031283382,0.034850957,0.051644893,0.128316901,3.9072E-05
YMR133W_intron,0.113402062,0.191489362,0.090909091,0.242346939,0.271300448,0.273712737,0.082969432,0.086455331,0.088888889,0.221797323,0.233898305,0.24572004,0.048202146,0.274241903,0.089007534
YMR142C_intron,0.017221952,0.019595888,0.017811746,0.020820109,0.021620666,0.020691434,0.030871539,0.028677667,0.031215655,0.034440344,0.034484891,0.037172157,0.024792518,0.014829402,0.005616451
YMR143W_intron,0.010493251,0.008600848,0.010118561,0.013374348,0.012267405,0.01407013,0.036746547,0.035010482,0.033177546,0.053155007,0.056976528,0.0578162,0.008260954,0.001865678,0.001515422
YMR194C-B_intron,0.088516746,0.068807339,0.087982833,0.31008274,0.304783882,0.312157775,0.160877514,0.175946548,0.171370968,0.377742157,0.378389697,0.39749907,0.000380371,0.013436122,0.000500276
YMR194W_intron,0.03251709,0.035688874,0.03657706,0.046771711,0.041111438,0.042812057,0.102485399,0.099894225,0.098488173,0.103162683,0.10741206,0.106672029,0.092013158,0.001341841,4.55818E-05
YMR201C_intron,0.026639344,0.010186757,0.030560272,0.025773196,0.03256445,0.045143639,0.047318612,0.04467354,0.039511494,0.05307096,0.068835098,0.073540014,0.220206332,0.101410415,0.044345223
YMR225C_intron,0.055766793,0.066425121,0.065380493,0.091775924,0.077936334,0.09202454,0.138461539,0.133695652,0.134188034,0.169894366,0.183333333,0.19567355,0.074189226,0.004494271,0.001712099
YMR230W_intron,0.025293951,0.02236136,0.01900206,0.020399543,0.019692909,0.020743881,0.033034399,0.033535698,0.034943298,0.047786205,0.048185768,0.047661211,0.424559885,0.039421793,0.004789587
YMR242C_intron,0.020342037,0.021345408,0.021832749,0.02416674,0.023406735,0.02457629,0.032874099,0.031886718,0.032775947,0.037456308,0.038038377,0.03903241,0.030405556,0.002860782,8.48416E-05
YMR292W_intron,0.052159042,0.044817927,0.038251366,0.089705882,0.075750784,0.069257598,0.069315673,0.078493648,0.069683258,0.109065156,0.102710414,0.103383459,0.004342857,0.033795746,0.001864293
YNL004W_intron,0.043945313,0.042553191,0.038182392,0.040484539,0.045352203,0.043900684,0.172916971,0.155051994,0.170396108,0.174929972,0.169860627,0.169100564,0.597125446,0.002392363,8.76667E-05
YNL012W_intron,0.111111111,0.115987461,0.101156069,0.12716763,0.184684685,0.187192118,0.13059034,0.144434223,0.160762943,0.21875,0.228402367,0.194961665,0.113756934,0.098394838,0.002832755
YNL038W_intron,0.075528701,0.080363382,0.057675997,0.108405342,0.079699248,0.08340016,0.099376461,0.089541008,0.091913074,0.1088,0.110758057,0.106220906,0.198804809,0.090995156,0.021930853
YNL044W_intron,0.031767956,0.030748206,0.040545389,0.035688794,0.024430505,0.025741866,0.050749712,0.051419169,0.040316206,0.050371873,0.055790363,0.061192874,0.400538499,0.188985219,0.007763694
YNL050C_intron,0.026825633,0.042908224,0.025540275,0.029487179,0.03588907,0.025236593,0.056894889,0.055004509,0.071033938,0.088458298,0.084798345,0.08854668,0.641792739,0.093956805,0.014767182
YNL069C_intron,0.01093325,0.010520287,0.011010613,0.011382094,0.010350482,0.011360686,0.014214141,0.013947168,0.012786917,0.016678872,0.016291976,0.017039734,0.388530841,0.033081005,0.000239169
YNL096C_intron,0.012422907,0.012978343,0.012593967,0.017708008,0.014581539,0.016580274,0.031664892,0.031571124,0.029564077,0.040870772,0.04543236,0.043892278,0.078223184,0.001364893,0.001497063
YNL112W_intron,0.020842215,0.023402455,0.027839545,0.115475822,0.10993455,0.113432836,0.037538809,0.032653404,0.042428798,0.139731102,0.13001124,0.138005279,0.001039989,0.025852659,0.001061352
YNL130C_intron,0.0043181,0.013522885,0.008798646,0.00845666,0.007637349,0.010077519,0.01192457,0.011588468,0.013012182,0.015010142,0.01200098,0.020881671,0.963017245,0.359296867,0.242842468
YNL138W-A_intron,0.12826087,0.163481953,0.146808511,0.200607903,0.132846715,0.141353384,0.284474446,0.294240838,0.295433364,0.316858497,0.322193659,0.265998458,0.734203996,0.002689375,0.016301733
YNL147W_intron,0.039085989,0.052345343,0.033492823,0.057945042,0.050955414,0.047297297,0.080181543,0.069137168,0.081255771,0.122040816,0.119114878,0.122001654,0.228805664,0.064577061,0.006675634
YNL162W_intron,0.130749116,0.131408862,0.133423875,0.137782935,0.139615105,0.1383259,0.151120037,0.152649482,0.155291302,0.157929615,0.149257393,0.155021307,0.02012603,0.000420225,0.014577825
YNL246W_intron,0.035348837,0.029411765,0.02478551,0.043135192,0.032464338,0.036677454,0.074847251,0.073253389,0.069060085,0.079427449,0.094109682,0.078277271,0.097306921,0.001282802,0.011923758
YNL265C_intron,0.012789768,0.014455782,0.015961692,0.014264264,0.014694509,0.015793849,0.057522124,0.046104928,0.047687861,0.055482166,0.055686275,0.069465649,0.406408726,0.014249696,0.007063674
YNL301C_intron,0.058065142,0.057639524,0.063839336,0.137484528,0.13331497,0.137451021,0.069390104,0.06468039,0.066674112,0.162619427,0.150701683,0.143771489,0.000496752,0.102179803,0.005859284
YNL302C_intron,0.014964802,0.015936885,0.014829058,0.018940213,0.018663594,0.018971675,0.024740675,0.020831065,0.023286355,0.031285761,0.03041488,0.029112701,0.014929908,0.033958843,0.001860765
YNL312W_intron,0.015254918,0.010956903,0.012549301,0.011965812,0.020979021,0.015873016,0.031417941,0.026761118,0.020083365,0.032087912,0.048395313,0.043262059,0.474989059,0.042891317,0.042930682
YNR053C_intron,0.648734177,0.478709297,1.031593894,1.473607836,2.376476907,2.195596518,0.852006421,0.791691752,0.644454587,2.693305439,3.180747568,2.951605398,0.054859773,0.861371528,0.011708877
YOL047C_intron,0.203125,0.189655172,0.162303665,0.146766169,0.167095116,0.154761905,0.171122995,0.191823899,0.177514793,0.146596859,0.148669797,0.176890157,0.183986886,0.762190537,0.328784445
YOL048C_intron,0.040951123,0.031168831,0.026094276,0.034241789,0.0273794,0.022488756,0.043304464,0.042537313,0.040328603,0.043498597,0.04007177,0.038502674,0.042812562,0.121288437,0.11031601
YOL120C_intron,0.003995946,0.003814874,0.003429971,0.009263406,0.009790891,0.012916383,0.007472109,0.006742854,0.007333312,0.027084671,0.030878743,0.026672348,0.033834351,0.006682496,0.002812501
YOL121C_intron,0.01674955,0.018154446,0.017081758,0.019194911,0.018375373,0.021004399,0.032588088,0.031146865,0.033319857,0.03763763,0.040365327,0.035922852,0.177969453,0.004594543,0.002246427
YOL127W_intron,0.042827819,0.04115622,0.03839333,0.040358476,0.042145687,0.04038432,0.042994536,0.042034979,0.040861921,0.041909858,0.04087441,0.044125891,0.911190772,0.227292394,0.54975667
YOR096W_intron,0.019063265,0.017522695,0.02036606,0.021200968,0.019930987,0.021356886,0.025288368,0.025290216,0.025068775,0.034207596,0.038301134,0.03905006,0.051198147,0.019566477,0.008060562
YOR122C_intron,0.038418605,0.038784067,0.039186067,0.042752294,0.037198584,0.038081253,0.056421356,0.053289754,0.056867892,0.0720333,0.080886141,0.076730229,0.800040331,0.004420642,0.004192789
YOR182C_intron,0.051709154,0.048461985,0.047309967,0.072583826,0.061265744,0.058194957,0.115682672,0.11586684,0.116091508,0.115486922,0.109827332,0.127978217,0.03992777,0.00045878,0.007743591
YOR234C_intron,0.029271131,0.029105716,0.02973107,0.032975739,0.029959514,0.033145574,0.038787003,0.03656668,0.037672543,0.04891726,0.04617087,0.047006194,0.099182561,0.005535919,0.002108094
YOR293W_intron,0.019362415,0.01944026,0.018632567,0.025292328,0.024482262,0.026188453,0.029223372,0.02776582,0.030834596,0.048219542,0.049294872,0.044331196,0.013908232,0.012154801,0.001976081
YOR312C_intron,0.018285185,0.016144465,0.019999591,0.017587717,0.017225675,0.017358902,0.036110334,0.032143959,0.034706523,0.041018521,0.041671142,0.039581865,0.556403915,0.003111753,0.005715639
YOR318C_intron,0.794642857,0.794871795,0.602040816,0.797235023,0.975845411,0.862068966,0.778793419,0.827411168,0.92687747,0.924701561,0.851720047,0.910973085,0.191617445,0.396719093,0.157970362
YPL031C_intron,0.028839221,0.033126294,0.012970169,0.030201342,0.037743042,0.029064869,0.038283063,0.025655977,0.037940379,0.044758186,0.047654505,0.045316199,0.241376276,0.438855997,0.06726986
YPL075W_intron,0.410841041,0.419498112,0.397284665,0.542789078,0.492650873,0.540232227,0.393892869,0.407203691,0.411736021,0.474051789,0.47550234,0.463611525,0.033149944,0.664329722,0.002434034
YPL079W_intron,0.036397028,0.041933637,0.04045281,0.050688285,0.043061506,0.047045022,0.053645069,0.048412096,0.056849453,0.07616677,0.080076177,0.069755813,0.19459772,0.060774295,0.008177658
YPL081W_intron,0.110898662,0.088177428,0.105628785,0.468621591,0.436247263,0.436719478,0.196575435,0.211200477,0.190903348,0.487149702,0.517661795,0.515462316,0.00050688,0.01592595,0.001467966
YPL090C_intron,0.015076758,0.015420588,0.015870797,0.015459027,0.015587916,0.015833149,0.018231998,0.017284402,0.01713017,0.023229341,0.023139383,0.022940134,0.294542058,0.0645463,0.001690055
YPL109C_intron,0.047887324,0.069057105,0.061843641,0.056751468,0.06421152,0.064974619,0.071770335,0.060606061,0.045703839,0.083023544,0.086153846,0.104078762,0.609709338,0.986395173,0.052089544
YPL129W_intron,0.018042813,0.01602262,0.015544041,0.014510278,0.023332336,0.017851347,0.051247652,0.058090186,0.048969697,0.055227755,0.059732541,0.053475936,0.583784396,0.006424055,0.002698667
YPL143W_intron,0.015300923,0.013734107,0.015593895,0.017398385,0.016818946,0.017446927,0.01777566,0.018626641,0.018930424,0.027015402,0.027895308,0.027476311,0.024824082,0.037141914,0.003907581
YPL175W_intron,0.076769691,0.048249763,0.069672131,0.111111111,0.072599532,0.094007051,0.181818182,0.172428884,0.1775,0.172694027,0.189310689,0.198473282,0.014195997,0.002809564,0.011994831
YPL198W_intron,0.067484144,0.051593078,0.075960335,0.428960183,0.44762419,0.458480047,0.181241873,0.172992206,0.171741012,0.516494892,0.547326609,0.554611074,0.000699236,0.004704871,0.000826536
YPL218W_intron,0.007011394,0.007774648,0.007102444,0.008777676,0.00934252,0.008382643,0.021517413,0.02173913,0.023446086,0.039426523,0.044806008,0.046327412,0.008311402,0.002314918,0.003055312
YPL241C_intron,0.108433735,0.105463787,0.07082153,0.085972851,0.086084906,0.081967213,0.223684211,0.22761849,0.223194748,0.238788808,0.231324278,0.22630719,0.440794753,0.007609767,0.004481252
YPL249C-A_intron,0.012614801,0.014992909,0.013807715,0.01549434,0.015673707,0.015350087,0.019234559,0.018041428,0.018720637,0.023822194,0.022422153,0.023202739,0.117099334,0.042190238,0.013359464
YPR010C-A_intron,0.074468085,0.044,0.035587189,0.080065359,0.075931232,0.090301003,0.067547724,0.082901554,0.058236273,0.140035907,0.102396514,0.113207547,0.162595445,0.307456411,0.006895268
YPR028W_intron,0.023051592,0.022732982,0.018852459,0.022953415,0.025451317,0.020657071,0.024036425,0.023077741,0.026979408,0.032639546,0.032664942,0.027609365,0.217398017,0.333663165,0.001366499
YPR043W_intron,0.019063925,0.018206713,0.017763524,0.019929728,0.018514796,0.018514319,0.032649403,0.029645876,0.030851043,0.039325227,0.03759585,0.041561241,0.06359786,0.002596227,0.004037165
YPR063C_intron,0.009948652,0.010152284,0.012043925,0.018853103,0.016532103,0.013495864,0.025076245,0.015191546,0.01759134,0.033860759,0.039533133,0.039020929,0.125540724,0.120609124,0.003479913
YPR098C_intron,0.035087719,0.047012733,0.0418483,0.084832905,0.085171103,0.092216582,0.046945338,0.042084168,0.052463212,0.137727081,0.128164557,0.127783156,0.007338348,0.392032003,0.00520722
YPR132W_intron,0.021012527,0.023232886,0.022832946,0.027250916,0.025345572,0.027450129,0.036723283,0.03567226,0.040359414,0.064960996,0.069021395,0.063633412,0.069168301,0.009421854,0.001118314
YPR153W_intron,0.189189189,0.262210797,0.295,0.43902439,0.317073171,0.363221885,0.20856202,0.187012987,0.220183486,0.305164319,0.275630252,0.2996633,0.186697698,0.300517566,0.337581186
YPR170W-B_intron,0.079051383,0.078952327,0.085844568,0.078417136,0.087358185,0.08281649,0.083452324,0.078608861,0.083263668,0.085686866,0.087871287,0.096809233,0.694245444,0.833282301,0.019426348
YPR187W_intron,0.027260813,0.025180346,0.026384017,0.025803967,0.029676259,0.028525512,0.043510991,0.037473752,0.042780749,0.064809441,0.060463122,0.074879227,0.423544778,0.007953773,0.010021473
YPR202W_intron,0.644970414,0.691919192,0.716494845,0.731578947,0.652173913,0.632530121,0.696629214,0.713103448,0.663028649,0.720647773,0.720221607,0.715736041,0.831343711,0.855284157,0.262443818